{"cameraMode":{"drawMode":0,"name":"Shaded","section":"Shading Mode"},"sceneLighting":true,"audioPlay":false,"sceneViewState":{"showFog":true,"showMaterialUpdate":true,"showSkybox":true,"showFlares":true,"showImageEffects":true,"showParticleSystems":true},"in2DMode":false,"pivot":{"x":1059.041259765625,"y":98.61392974853516,"z":1044.7667236328125},"rotation":{"x":-0.024310454726219178,"y":-0.9640532732009888,"z":0.24699561297893525,"w":-0.09488667547702789},"size":1073.3292236328125,"orthographic":false}