{"cameraMode":{"drawMode":0,"name":"Shaded","section":"Shading Mode"},"sceneLighting":true,"audioPlay":false,"sceneViewState":{"showFog":true,"showMaterialUpdate":true,"showSkybox":true,"showFlares":true,"showImageEffects":true,"showParticleSystems":true},"in2DMode":false,"pivot":{"x":163.79067993164063,"y":-5.372705459594727,"z":93.20346069335938},"rotation":{"x":0.10419080406427384,"y":0.6952707767486572,"z":-0.1029471755027771,"w":0.7036651968955994},"size":287.09564208984377,"orthographic":false}