{"cameraMode":{"drawMode":0,"name":"Shaded","section":"Shading Mode"},"sceneLighting":true,"audioPlay":false,"sceneViewState":{"showFog":true,"showMaterialUpdate":true,"showSkybox":true,"showFlares":true,"showImageEffects":true,"showParticleSystems":true},"in2DMode":false,"pivot":{"x":118.131103515625,"y":7.192514896392822,"z":365.64697265625},"rotation":{"x":0.09806913882493973,"y":0.7224956750869751,"z":-0.10476426035165787,"w":0.6763187050819397},"size":259.48406982421877,"orthographic":false}